yelp_id,id,name,image_url,url,phone,display_phone,review_count,categories__alias,categories__title,rating,location__address1,location__address3,location__city,location__zip_code,location__country,location__state,location__display_address,location__cross_streets,coordinates__latitude,coordinates__longitude,photos,,,,,,,,,,,,,,,,,
1,coolidge-corner-theatre-brookline-2,Coolidge Corner Theatre,https://s3-media3.fl.yelpcdn.com/bphoto/RFVooG_0PxwZCHryoi2kzQ/o.jpg,https://www.yelp.com/biz/coolidge-corner-theatre-brookline-2?adjust_creative=mrsvBGDT1QDCWnCyW2E6rg&utm_campaign=yelp_api_v3&utm_medium=api_v3_business_lookup&utm_source=mrsvBGDT1QDCWnCyW2E6rg,16177342500,(617) 734-2500,357,movietheaters,Cinema,4.5,290 Harvard St,,Brookline,2446,US,MA,290 Harvard St,,42.3425882,-71.1224629,https://s3-media2.fl.yelpcdn.com/bphoto/ODb1Xsy6u3Qa_fGHx8D6uw/o.jpg,,,,,,,,,,,,,,,,,
2,showcase-superlux-newton-2,Showcase SuperLux,https://s3-media2.fl.yelpcdn.com/bphoto/GOtzKliKfvXdi356-AEE8g/o.jpg,https://www.yelp.com/biz/showcase-superlux-newton-2?adjust_creative=mrsvBGDT1QDCWnCyW2E6rg&utm_campaign=yelp_api_v3&utm_medium=api_v3_business_lookup&utm_source=mrsvBGDT1QDCWnCyW2E6rg,16176585160,(617) 658-5160,254,movietheaters,Cinema,3,55 Boylston St,,Newton,2467,US,MA,55 Boylston St,,42.32220681,-71.17031044,https://s3-media3.fl.yelpcdn.com/bphoto/mvjLEi7iCFctknbLRQwMAQ/o.jpg,,,,,,,,,,,,,,,,,
3,kendall-square-cinema-cambridge,Kendall Square Cinema,https://s3-media2.fl.yelpcdn.com/bphoto/GOtzKliKfvXdi356-AEE8g/o.jpg,https://www.yelp.com/biz/kendall-square-cinema-cambridge?adjust_creative=mrsvBGDT1QDCWnCyW2E6rg&utm_campaign=yelp_api_v3&utm_medium=api_v3_business_lookup&utm_source=mrsvBGDT1QDCWnCyW2E6rg,16176211202,(617) 621-1202,274,movietheaters,Cinema,4,355 Binney St,,Cambridge,2139,US,MA,355 Binney St,,42.368196,-71.090026,https://s3-media2.fl.yelpcdn.com/bphoto/7b-oPCCDjux1cj3nDlEyJQ/o.jpg,,,,,,,,,,,,,,,,,
4,the-lyric-stage-company-of-boston-boston,The Lyric Stage Company of Boston,https://s3-media1.fl.yelpcdn.com/bphoto/C8wst5xU7ekEjGVE7Jy8Vg/o.jpg,https://www.yelp.com/biz/the-lyric-stage-company-of-boston-boston?adjust_creative=mrsvBGDT1QDCWnCyW2E6rg&utm_campaign=yelp_api_v3&utm_medium=api_v3_business_lookup&utm_source=mrsvBGDT1QDCWnCyW2E6rg,16175855678,(617) 585-5678,22,theater,Performing Arts,4.5,140 Clarendon St,,Boston,2116,US,MA,140 Clarendon St,,42.3487726,-71.074474,https://s3-media3.fl.yelpcdn.com/bphoto/DPPzWuUm2vuy6sSekmdzyw/o.jpg,,,,,,,,,,,,,,,,,
5,dedham-community-theatre-dedham,Dedham Community Theatre,https://s3-media2.fl.yelpcdn.com/bphoto/0u_oQuAR2D1uGYYcdNKH1g/o.jpg,https://www.yelp.com/biz/dedham-community-theatre-dedham?adjust_creative=mrsvBGDT1QDCWnCyW2E6rg&utm_campaign=yelp_api_v3&utm_medium=api_v3_business_lookup&utm_source=mrsvBGDT1QDCWnCyW2E6rg,17813261463,(781) 326-1463,35,movietheaters,Cinema,4.5,580 High St,,Dedham,2026,US,MA,580 High St,,42.2479477,-71.1730499,https://s3-media2.fl.yelpcdn.com/bphoto/0u_oQuAR2D1uGYYcdNKH1g/o.jpg,,,,,,,,,,,,,,,,,
6,showcase-superlux-newton-2,Showcase SuperLux,https://s3-media2.fl.yelpcdn.com/bphoto/GOtzKliKfvXdi356-AEE8g/o.jpg,https://www.yelp.com/biz/showcase-superlux-newton-2?adjust_creative=mrsvBGDT1QDCWnCyW2E6rg&utm_campaign=yelp_api_v3&utm_medium=api_v3_business_lookup&utm_source=mrsvBGDT1QDCWnCyW2E6rg,16176585160,(617) 658-5160,254,movietheaters,Cinema,3,55 Boylston St,,Newton,2467,US,MA,55 Boylston St,,42.32220681,-71.17031044,https://s3-media3.fl.yelpcdn.com/bphoto/mvjLEi7iCFctknbLRQwMAQ/o.jpg,,,,,,,,,,,,,,,,,
7,coolidge-corner-theatre-brookline-2,Coolidge Corner Theatre,https://s3-media3.fl.yelpcdn.com/bphoto/RFVooG_0PxwZCHryoi2kzQ/o.jpg,https://www.yelp.com/biz/coolidge-corner-theatre-brookline-2?adjust_creative=mrsvBGDT1QDCWnCyW2E6rg&utm_campaign=yelp_api_v3&utm_medium=api_v3_business_lookup&utm_source=mrsvBGDT1QDCWnCyW2E6rg,16177342500,(617) 734-2500,357,movietheaters,Cinema,4.5,290 Harvard St,,Brookline,2446,US,MA,290 Harvard St,,42.3425882,-71.1224629,https://s3-media2.fl.yelpcdn.com/bphoto/ODb1Xsy6u3Qa_fGHx8D6uw/o.jpg,,,,,,,,,,,,,,,,,
8,aladdins-grill-revere-2,Aladdin's Grill,https://s3-media2.fl.yelpcdn.com/bphoto/wAZepJmLtz19IBK0Qx4Fiw/o.jpg,https://www.yelp.com/biz/aladdins-grill-revere-2?adjust_creative=mrsvBGDT1QDCWnCyW2E6rg&utm_campaign=yelp_api_v3&utm_medium=api_v3_business_lookup&utm_source=mrsvBGDT1QDCWnCyW2E6rg,17812894670,(781) 289-4670,61,mediterranean,Mediterranean,5,148 Squire Rd,,Revere,2151,US,MA,148 Squire Rd,Larkin St,42.42324,-71.00951,https://s3-media4.fl.yelpcdn.com/bphoto/gKYgiLR0uuvl3fVUtfnGnQ/o.jpg,,,,,,,,,,,,,,,,,
9,blackstrap-bbq-winthrop,Blackstrap BBQ,https://s3-media3.fl.yelpcdn.com/bphoto/hKRHMJ1I275p7jWCq8AkVA/o.jpg,https://www.yelp.com/biz/blackstrap-bbq-winthrop?adjust_creative=mrsvBGDT1QDCWnCyW2E6rg&utm_campaign=yelp_api_v3&utm_medium=api_v3_business_lookup&utm_source=mrsvBGDT1QDCWnCyW2E6rg,16172071783,(617) 207-1783,304,bbq,Barbeque,4,47 Woodside Ave,Ste A,Winthrop,2152,US,MA,47 Woodside Ave,,42.3746937,-70.9869134,https://s3-media2.fl.yelpcdn.com/bphoto/d78hwXfuAnoIZmLJ_B-iQQ/o.jpg,,,,,,,,,,,,,,,,,
10,hokkaido-ramen-santouka-cambridge-2,Hokkaido Ramen Santouka,https://s3-media1.fl.yelpcdn.com/bphoto/-94On9pzr0LKHPYynTGPBQ/o.jpg,https://www.yelp.com/biz/hokkaido-ramen-santouka-cambridge-2?adjust_creative=mrsvBGDT1QDCWnCyW2E6rg&utm_campaign=yelp_api_v3&utm_medium=api_v3_business_lookup&utm_source=mrsvBGDT1QDCWnCyW2E6rg,16179451460,(617) 945-1460,741,ramen,Ramen,4,1 Bow St,,Cambridge,2138,US,MA,,,42.3722,-71.11582,https://s3-media2.fl.yelpcdn.com/bphoto/yHjcI-IScTFspTHeRKwwiQ/o.jpg,,,,,,,,,,,,,,,,,
11,lukes-lobster-back-bay-boston,Luke's Lobster Back Bay,https://s3-media1.fl.yelpcdn.com/bphoto/fri_Oe_6JlSrKoJjAOTtZA/o.jpg,https://www.yelp.com/biz/lukes-lobster-back-bay-boston?adjust_creative=mrsvBGDT1QDCWnCyW2E6rg&utm_campaign=yelp_api_v3&utm_medium=api_v3_business_lookup&utm_source=mrsvBGDT1QDCWnCyW2E6rg,18573504626,(857) 350-4626,906,seafood,Seafood,4.5,75 Exeter Street,,Boston,2116,US,MA,75 Exeter Street,,42.34856014,-71.07912242,https://s3-media1.fl.yelpcdn.com/bphoto/fri_Oe_6JlSrKoJjAOTtZA/o.jpg,,,,,,,,,,,,,,,,,
12,saus-boston,Saus,https://s3-media4.fl.yelpcdn.com/bphoto/U_GZbsZdQYeoFwWmKdRg_g/o.jpg,https://www.yelp.com/biz/saus-boston?adjust_creative=mrsvBGDT1QDCWnCyW2E6rg&utm_campaign=yelp_api_v3&utm_medium=api_v3_business_lookup&utm_source=mrsvBGDT1QDCWnCyW2E6rg,16172488835,(617) 248-8835,1054,sandwiches,Sandwiches,4,33 Union St,,Boston,2108,US,MA,33 Union St,,42.36108001,-71.05707189,https://s3-media4.fl.yelpcdn.com/bphoto/U_GZbsZdQYeoFwWmKdRg_g/o.jpg,,,,,,,,,,,,,,,,,
13,lolita-cocina-and-tequila-fort-point-boston,Lolita Cocina & Tequila Fort Point,https://s3-media1.fl.yelpcdn.com/bphoto/6xwjE5gpgb6otViq_9S2bA/o.jpg,https://www.yelp.com/biz/lolita-cocina-and-tequila-fort-point-boston?adjust_creative=mrsvBGDT1QDCWnCyW2E6rg&utm_campaign=yelp_api_v3&utm_medium=api_v3_business_lookup&utm_source=mrsvBGDT1QDCWnCyW2E6rg,16173690931,(617) 369-0931,24,newmexican,New Mexican Cuisine,4,253 Summer St,,Boston,2210,US,MA,253 Summer St,Melcher St,42.350274,-71.051305,https://s3-media1.fl.yelpcdn.com/bphoto/UldEY2mJbLUc6QDSbxcKJA/o.jpg,,,,,,,,,,,,,,,,,
14,eventide-fenway-boston-3,Eventide - Fenway,https://s3-media2.fl.yelpcdn.com/bphoto/Tk9EmiZOYgRIbi5IaXdopw/o.jpg,https://www.yelp.com/biz/eventide-fenway-boston-3?adjust_creative=mrsvBGDT1QDCWnCyW2E6rg&utm_campaign=yelp_api_v3&utm_medium=api_v3_business_lookup&utm_source=mrsvBGDT1QDCWnCyW2E6rg,16175451060,(617) 545-1060,37,seafood,Seafood,4,1321 Boylston St,,Boston,2215,US,MA,1321 Boylston St,Yawkey Way & Kilmarnock St,42.34434315,-71.0987941,https://s3-media1.fl.yelpcdn.com/bphoto/Lz82w03QOifFFP7EZSjU_w/o.jpg,,,,,,,,,,,,,,,,,
15,showcase-superlux-newton-2,Showcase SuperLux,https://s3-media2.fl.yelpcdn.com/bphoto/GOtzKliKfvXdi356-AEE8g/o.jpg,https://www.yelp.com/biz/showcase-superlux-newton-2?adjust_creative=mrsvBGDT1QDCWnCyW2E6rg&utm_campaign=yelp_api_v3&utm_medium=api_v3_business_lookup&utm_source=mrsvBGDT1QDCWnCyW2E6rg,16176585160,(617) 658-5160,254,movietheaters,Cinema,3,55 Boylston St,,Newton,2467,US,MA,55 Boylston St,,42.34434315,-71.0987941,https://s3-media3.fl.yelpcdn.com/bphoto/mvjLEi7iCFctknbLRQwMAQ/o.jpg,,,,,,,,,,,,,,,,,
16,piperi-mediterranean-grill-boston,Piperi Mediterranean Grill,https://s3-media4.fl.yelpcdn.com/bphoto/1erHAT3gT9F3lxLpXpXVJw/o.jpg,https://www.yelp.com/biz/piperi-mediterranean-grill-boston?adjust_creative=mrsvBGDT1QDCWnCyW2E6rg&utm_campaign=yelp_api_v3&utm_medium=api_v3_business_lookup&utm_source=mrsvBGDT1QDCWnCyW2E6rg,16172277471,(617) 227-7471,429,mediterranean,Mediterranean,4.5,1 Beacon St,,Boston,2108,US,MA,1 Beacon St,,42.3585362,-71.0607882,https://s3-media4.fl.yelpcdn.com/bphoto/5kT15KELfwdSfNkvrlY9Rg/o.jpg,,,,,,,,,,,,,,,,,
17,polcaris-coffee-boston,Polcari's Coffee,https://s3-media3.fl.yelpcdn.com/bphoto/ob7DEup7JUK2N1q0tm41Ig/o.jpg,https://www.yelp.com/biz/polcaris-coffee-boston?adjust_creative=mrsvBGDT1QDCWnCyW2E6rg&utm_campaign=yelp_api_v3&utm_medium=api_v3_business_lookup&utm_source=mrsvBGDT1QDCWnCyW2E6rg,16172270786,(617) 227-0786,156,coffee,Coffee & Tea,5,105 Salem St,,Boston,2113,US,MA,105 Salem St,,42.36401,-71.0555,https://s3-media2.fl.yelpcdn.com/bphoto/BuYE5_4OM7M_ZZvixwSwBw/o.jpg,,,,,,,,,,,,,,,,,
18,norman-b-leventhal-park-boston,Norman B Leventhal Park,https://s3-media4.fl.yelpcdn.com/bphoto/DKQ2qRh3WUlB6gx4Ewfw2w/o.jpg,https://www.yelp.com/biz/norman-b-leventhal-park-boston?adjust_creative=mrsvBGDT1QDCWnCyW2E6rg&utm_campaign=yelp_api_v3&utm_medium=api_v3_business_lookup&utm_source=mrsvBGDT1QDCWnCyW2E6rg,16174231500,(617) 423-1500,39,parks,Parks,5,50 Federal St,Fl 5,Boston,2110,US,MA,50 Federal St,,42.35645089,-71.05583668,https://s3-media2.fl.yelpcdn.com/bphoto/1l9cB8bjd3VP4YgkYISo2Q/o.jpg,,,,,,,,,,,,,,,,,
19,ostra-boston,Ostra,https://s3-media1.fl.yelpcdn.com/bphoto/0wh4eAi4urEGzpyYMY8tTQ/o.jpg,https://www.yelp.com/biz/ostra-boston?adjust_creative=mrsvBGDT1QDCWnCyW2E6rg&utm_campaign=yelp_api_v3&utm_medium=api_v3_business_lookup&utm_source=mrsvBGDT1QDCWnCyW2E6rg,16174211200,(617) 421-1200,310,seafood,Seafood,4.5,1 Charles St S,,Boston,2116,US,MA,1 Charles St S,,42.35109512,-71.06709123,https://s3-media3.fl.yelpcdn.com/bphoto/E_xvlTufVeq-RJOX9_fKqw/o.jpg,,,,,,,,,,,,,,,,,
20,polcaris-coffee-boston,Polcari's Coffee,https://s3-media3.fl.yelpcdn.com/bphoto/ob7DEup7JUK2N1q0tm41Ig/o.jpg,https://www.yelp.com/biz/polcaris-coffee-boston?adjust_creative=mrsvBGDT1QDCWnCyW2E6rg&utm_campaign=yelp_api_v3&utm_medium=api_v3_business_lookup&utm_source=mrsvBGDT1QDCWnCyW2E6rg,16172270786,(617) 227-0786,156,coffee,Coffee & Tea,5,105 Salem St,,Boston,2113,US,MA,105 Salem St,,42.36401,-71.0555,https://s3-media2.fl.yelpcdn.com/bphoto/BuYE5_4OM7M_ZZvixwSwBw/o.jpg,,,,,,,,,,,,,,,,,
21,all-star-pizza-bar-boston,All Star Pizza Bar,https://s3-media2.fl.yelpcdn.com/bphoto/RZFfOPVvl65y3zbSD_uFwg/o.jpg,https://www.yelp.com/biz/all-star-pizza-bar-boston?adjust_creative=mrsvBGDT1QDCWnCyW2E6rg&utm_campaign=yelp_api_v3&utm_medium=api_v3_business_lookup&utm_source=mrsvBGDT1QDCWnCyW2E6rg,18579911890,(857) 991-1890,30,pizza,Pizza,5,204 Cambridge St,,Boston,2114,US,MA,204 Cambridge St,,42.3609581,-71.06589508,https://s3-media3.fl.yelpcdn.com/bphoto/E_BVaVkCWoOhoN09pDPoQg/o.jpg,,,,,,,,,,,,,,,,,
22,fenway-park-boston,Fenway Park,https://s3-media4.fl.yelpcdn.com/bphoto/AZHCm4TqxljG3uzTZjO0TA/o.jpg,https://www.yelp.com/biz/fenway-park-boston?adjust_creative=mrsvBGDT1QDCWnCyW2E6rg&utm_campaign=yelp_api_v3&utm_medium=api_v3_business_lookup&utm_source=mrsvBGDT1QDCWnCyW2E6rg,18777337699,(877) 733-7699,1103,parks,Parks,4.5,4 Yawkey Way,,Boston,2115,US,MA,4 Yawkey Way,,42.34635832,-71.0976151,https://s3-media3.fl.yelpcdn.com/bphoto/w-T9TB4Vgbt81VyhpFgMHw/o.jpg,,,,,,,,,,,,,,,,,
23,saltie-girl-boston,Saltie Girl,https://s3-media1.fl.yelpcdn.com/bphoto/YbBUekue-2E--iW6tsWrgA/o.jpg,https://www.yelp.com/biz/saltie-girl-boston?adjust_creative=mrsvBGDT1QDCWnCyW2E6rg&utm_campaign=yelp_api_v3&utm_medium=api_v3_business_lookup&utm_source=mrsvBGDT1QDCWnCyW2E6rg,16172670691,(617) 267-0691,350,seafood,Seafood,4.5,281 Dartmouth St,,Boston,2116,US,MA,281 Dartmouth St,,42.3511377,-71.0776626,https://s3-media2.fl.yelpcdn.com/bphoto/v3y5mfGT5B2EvvvSoHt6vQ/o.jpg,,,,,,,,,,,,,,,,,
24,flour-bakery-and-cafe-boston-2,Flour Bakery & Cafe,https://s3-media1.fl.yelpcdn.com/bphoto/GFa1WcFY1r5vgBhI3APOGQ/o.jpg,https://www.yelp.com/biz/flour-bakery-and-cafe-boston-2?adjust_creative=mrsvBGDT1QDCWnCyW2E6rg&utm_campaign=yelp_api_v3&utm_medium=api_v3_business_lookup&utm_source=mrsvBGDT1QDCWnCyW2E6rg,16172674300,(617) 267-4300,809,bakeries,Bakeries,4,1595 Washington St,,Boston,2118,US,MA,1595 Washington St,,42.338443,-71.074548,https://s3-media4.fl.yelpcdn.com/bphoto/F0HdzMvllmfadGdM0StMng/o.jpg,,,,,,,,,,,,,,,,,
25,haley-house-bakery-café-roxbury-3,Haley House Bakery Café,https://s3-media4.fl.yelpcdn.com/bphoto/oAJVxZA1x3675nuktZCFlQ/o.jpg,https://www.yelp.com/biz/haley-house-bakery-caf%C3%A9-roxbury-3?adjust_creative=mrsvBGDT1QDCWnCyW2E6rg&utm_campaign=yelp_api_v3&utm_medium=api_v3_business_lookup&utm_source=mrsvBGDT1QDCWnCyW2E6rg,16174450900,(617) 445-0900,195,bakeries,Bakeries,4.5,12 Dade St,,Roxbury,2119,US,MA,12 Dade St,,42.33204,-71.08253,https://s3-media3.fl.yelpcdn.com/bphoto/OBgw0SIWtOD3WRnJ8OP7DQ/o.jpg,,,,,,,,,,,,,,,,,
26,milkweed-boston,Milkweed,https://s3-media4.fl.yelpcdn.com/bphoto/jIxeQiAWp8kDxCw-Pr4Img/o.jpg,https://www.yelp.com/biz/milkweed-boston?adjust_creative=mrsvBGDT1QDCWnCyW2E6rg&utm_campaign=yelp_api_v3&utm_medium=api_v3_business_lookup&utm_source=mrsvBGDT1QDCWnCyW2E6rg,16175168913,(617) 516-8913,36,newamerican,American (New),5,1508 Tremont St,,Boston,2120,US,MA,1508 Tremont St,,42.3313358,-71.0954743,https://s3-media4.fl.yelpcdn.com/bphoto/ySjzPSzu8ITiasn2-bV4tA/o.jpg,,,,,,,,,,,,,,,,,
27,preparations-dorchester,Preparations,https://s3-media1.fl.yelpcdn.com/bphoto/0Ji7CjfJnqBKnYX8A39rhw/o.jpg,https://www.yelp.com/biz/preparations-dorchester?adjust_creative=mrsvBGDT1QDCWnCyW2E6rg&utm_campaign=yelp_api_v3&utm_medium=api_v3_business_lookup&utm_source=mrsvBGDT1QDCWnCyW2E6rg,16174455120,(617) 445-5120,16,markets,Fruits & Veggies,4.5,220 Columbia Rd,,Dorchester,2121,US,MA,220 Columbia Rd,,42.30751038,-71.07639313,https://s3-media3.fl.yelpcdn.com/bphoto/rJjdISZBXROtJejn5YxZAQ/o.jpg,,,,,,,,,,,,,,,,,$
28,coco-leaf-boston,Coco Leaf,https://s3-media2.fl.yelpcdn.com/bphoto/kJi6mOGYq9u-DOmLpra5_w/o.jpg,https://www.yelp.com/biz/coco-leaf-boston?adjust_creative=mrsvBGDT1QDCWnCyW2E6rg&utm_campaign=yelp_api_v3&utm_medium=api_v3_business_lookup&utm_source=mrsvBGDT1QDCWnCyW2E6rg,16175060010,(617) 506-0010,120,desserts,Desserts,4.5,1480 Dorchester Ave,,Boston,2122,US,MA,1480 Dorchester Ave,,42.30007,-71.05991,https://s3-media1.fl.yelpcdn.com/bphoto/SS3x1Cr8VFxEUmAK2Bn6yQ/o.jpg,,,,,,,,,,,,,,,,,
29,el-barrio-mexican-grill-dorchester-center,El Barrio Mexican Grill,https://s3-media2.fl.yelpcdn.com/bphoto/ekTbnlx4ARxxsltkT8EGuA/o.jpg,https://www.yelp.com/biz/el-barrio-mexican-grill-dorchester-center?adjust_creative=mrsvBGDT1QDCWnCyW2E6rg&utm_campaign=yelp_api_v3&utm_medium=api_v3_business_lookup&utm_source=mrsvBGDT1QDCWnCyW2E6rg,16172975205,(617) 297-5205,186,tex-mex,Tex-Mex,4,1782 Dorchester Ave,,Dorchester Center,2124,US,MA,1782 Dorchester Ave,,42.2894867,-71.0632446,https://s3-media1.fl.yelpcdn.com/bphoto/3v5-iGYUrpZQV1DsQqKUKQ/o.jpg,,,,,,,,,,,,,,,,,
30,banh-mi-ba-le-dorchester,Banh Mi Ba Le,https://s3-media4.fl.yelpcdn.com/bphoto/W8AKLK4f8GBlE0KQliexfg/o.jpg,https://www.yelp.com/biz/banh-mi-ba-le-dorchester?adjust_creative=mrsvBGDT1QDCWnCyW2E6rg&utm_campaign=yelp_api_v3&utm_medium=api_v3_business_lookup&utm_source=mrsvBGDT1QDCWnCyW2E6rg,16172657171,(617) 265-7171,267,vietnamese,Vietnamese,4,1052 Dorchester Ave,,Dorchester,2125,US,MA,1052 Dorchester Ave,,42.3148574,-71.0567825,https://s3-media4.fl.yelpcdn.com/bphoto/qO56fHpJhbJZSI-9eP2TXg/o.jpg,,,,,,,,,,,,,,,,,
31,simcos-mattapan,Simco's,https://s3-media4.fl.yelpcdn.com/bphoto/UQOzcyYgMt0OcJkaAOvw3g/o.jpg,https://www.yelp.com/biz/simcos-mattapan?adjust_creative=mrsvBGDT1QDCWnCyW2E6rg&utm_campaign=yelp_api_v3&utm_medium=api_v3_business_lookup&utm_source=mrsvBGDT1QDCWnCyW2E6rg,16172963800,(617) 296-3800,60,hotdog,Hot Dogs,4,1509 Blue Hill Ave,,Mattapan,2126,US,MA,1509 Blue Hill Ave,,42.27267824,-71.09376512,https://s3-media2.fl.yelpcdn.com/bphoto/eqX1TbeFDUvk-PslCsfX3w/o.jpg,,,,,,,,,,,,,,,,,
